{
  "rmse": 20625.496546588005,
  "mae": 14530.47896560065,
  "r2": 0.9276305840086518
}